text_id,text,label,source_type,created_at
green-0178,A customer shares a positive onboarding experience with the MarketBoard support team.,green,forum,2026-04-15
green-0063,A user asks how to change notification settings in the MarketBoard mobile app.,green,review,2026-04-25
red-0011,A public message threatens to publish private customer data from Northstar tonight.,red,news,2026-04-04
orange-0088,A community member asks if recent security warnings from MarketBoard are legitimate.,orange,news,2026-03-25
orange-0060,Some customers mention suspicious emails that look similar to PayLink notifications.,orange,forum,2026-01-23
green-0053,The company announced a new interface update for PayLink with minor usability changes.,green,news,2026-03-28
green-0042,Users discuss preferred dashboard layouts and reporting exports in CloudDesk.,green,news,2026-04-04
orange-0188,Some customers mention suspicious emails that look similar to CloudDesk notifications.,orange,support_thread,2026-02-09
green-0100,A blog post explains basic account settings and profile customization.,green,support_thread,2026-02-06
orange-0184,Several users report unusual login prompts when trying to access OpenGate.,orange,review,2026-01-09
orange-0106,Some customers mention suspicious emails that look similar to MarketBoard notifications.,orange,public_post,2026-04-13
orange-0200,"Users describe repeated password reset messages, but no confirmed breach is reported.",orange,news,2026-02-09
green-0125,A public article compares pricing options for several productivity platforms.,green,news,2026-03-26
red-0172,Several users claim that MarketBoard access was compromised after a suspicious reset campaign.,red,news,2026-04-23
orange-0003,Several users report unusual login prompts when trying to access CloudDesk.,orange,public_post,2026-04-08
green-0009,A blog post explains basic account settings and profile customization.,green,forum,2026-04-30
red-0188,A forum thread shares administrator passwords related to SecureHub and asks others to test them.,red,news,2026-01-28
green-0122,A blog post explains basic account settings and profile customization.,green,public_post,2026-02-23
green-0144,The release notes describe visual improvements and accessibility fixes.,green,forum,2026-03-24
orange-0040,A support forum shows a sudden increase in complaints about blocked accounts on MarketBoard.,orange,support_thread,2026-04-18
red-0066,Community moderators warn that attackers are actively bypassing two-factor checks on PayLink.,red,review,2026-01-25
red-0073,A paste site appears to expose internal tokens connected to OpenGate environments.,red,review,2026-04-30
orange-0167,"Users describe repeated password reset messages, but no confirmed breach is reported.",orange,public_post,2026-03-19
red-0180,Community moderators warn that attackers are actively bypassing two-factor checks on DataPilot.,red,forum,2026-04-12
green-0084,A customer shares a positive onboarding experience with the Northstar support team.,green,support_thread,2026-03-05
green-0026,A user asks how to change notification settings in the Northstar mobile app.,green,news,2026-02-19
orange-0194,A growing thread complains about delayed account verification on MarketBoard.,orange,forum,2026-04-19
red-0120,A paste site appears to expose internal tokens connected to OpenGate environments.,red,news,2026-03-01
red-0177,A public message threatens to publish private customer data from Northstar tonight.,red,public_post,2026-03-08
green-0175,A blog post explains basic account settings and profile customization.,green,public_post,2026-02-28
green-0142,The weekly newsletter highlights upcoming product webinars and customer stories.,green,news,2026-03-25
orange-0104,A public review mentions unexpected payment declines and asks whether others saw the same issue.,orange,support_thread,2026-04-11
red-0122,A forum thread shares administrator passwords related to CloudDesk and asks others to test them.,red,support_thread,2026-02-06
red-0149,Public post mentions leaked BrightPanel credentials and active exploitation attempts.,red,support_thread,2026-03-17
green-0150,A user asks how to change notification settings in the OpenGate mobile app.,green,news,2026-02-06
green-0057,The weekly newsletter highlights upcoming product webinars and customer stories.,green,news,2026-03-08
green-0060,A blog post explains basic account settings and profile customization.,green,public_post,2026-01-16
orange-0172,A support forum shows a sudden increase in complaints about blocked accounts on Northstar.,orange,support_thread,2026-02-15
green-0098,A blog post explains basic account settings and profile customization.,green,support_thread,2026-01-28
green-0067,The release notes describe visual improvements and accessibility fixes.,green,support_thread,2026-04-13
red-0106,A public message threatens to publish private customer data from OpenGate tonight.,red,support_thread,2026-03-24
green-0185,The weekly newsletter highlights upcoming product webinars and customer stories.,green,public_post,2026-01-16
red-0020,A paste site appears to expose internal tokens connected to MarketBoard environments.,red,support_thread,2026-04-29
red-0134,Community moderators warn that attackers are actively bypassing two-factor checks on DataPilot.,red,public_post,2026-02-03
green-0148,The weekly newsletter highlights upcoming product webinars and customer stories.,green,forum,2026-04-23
orange-0095,"Users describe repeated password reset messages, but no confirmed breach is reported.",orange,public_post,2026-02-26
red-0110,A paste site appears to expose internal tokens connected to OpenGate environments.,red,review,2026-04-04
green-0180,The release notes describe visual improvements and accessibility fixes.,green,forum,2026-03-11
orange-0065,Some customers mention suspicious emails that look similar to CloudDesk notifications.,orange,review,2026-02-26
orange-0018,Several users report unusual login prompts when trying to access MarketBoard.,orange,forum,2026-03-15
green-0128,A blog post explains basic account settings and profile customization.,green,review,2026-02-01
orange-0097,A public review mentions unexpected payment declines and asks whether others saw the same issue.,orange,review,2026-02-20
orange-0132,"Users describe repeated password reset messages, but no confirmed breach is reported.",orange,news,2026-03-26
green-0079,A user asks how to change notification settings in the PayLink mobile app.,green,support_thread,2026-03-17
green-0165,Users discuss preferred dashboard layouts and reporting exports in CloudDesk.,green,review,2026-03-23
orange-0177,Several users report unusual login prompts when trying to access DataPilot.,orange,support_thread,2026-04-27
orange-0109,Several users report unusual login prompts when trying to access PayLink.,orange,forum,2026-02-03
red-0034,Several users claim that MarketBoard access was compromised after a suspicious reset campaign.,red,public_post,2026-02-25
red-0100,A paste site appears to expose internal tokens connected to SecureHub environments.,red,public_post,2026-02-04
green-0152,A blog post explains basic account settings and profile customization.,green,forum,2026-01-25
orange-0039,A public review mentions unexpected payment declines and asks whether others saw the same issue.,orange,forum,2026-04-16
orange-0173,A growing thread complains about delayed account verification on MarketBoard.,orange,news,2026-03-01
red-0008,A paste site appears to expose internal tokens connected to OpenGate environments.,red,public_post,2026-02-05
orange-0061,Posts about SecureHub show rising frustration after unexplained session timeouts.,orange,support_thread,2026-03-05
orange-0013,A support forum shows a sudden increase in complaints about blocked accounts on MarketBoard.,orange,forum,2026-02-26
green-0011,The release notes describe visual improvements and accessibility fixes.,green,forum,2026-02-19
orange-0005,Some customers mention suspicious emails that look similar to SecureHub notifications.,orange,support_thread,2026-01-23
orange-0033,Several users report unusual login prompts when trying to access BrightPanel.,orange,public_post,2026-01-12
red-0069,Community moderators warn that attackers are actively bypassing two-factor checks on PayLink.,red,support_thread,2026-01-08
green-0020,A public article compares pricing options for several productivity platforms.,green,support_thread,2026-03-23
red-0114,Several users claim that OpenGate access was compromised after a suspicious reset campaign.,red,review,2026-03-21
green-0015,The weekly newsletter highlights upcoming product webinars and customer stories.,green,support_thread,2026-02-27
orange-0082,A public review mentions unexpected payment declines and asks whether others saw the same issue.,orange,news,2026-04-12
green-0003,A customer shares a positive onboarding experience with the BrightPanel support team.,green,public_post,2026-01-21
red-0001,Several users claim that Northstar access was compromised after a suspicious reset campaign.,red,review,2026-04-05
green-0083,Users discuss preferred dashboard layouts and reporting exports in SecureHub.,green,support_thread,2026-04-09
green-0191,The company announced a new interface update for BrightPanel with minor usability changes.,green,forum,2026-03-20
red-0135,A public message threatens to publish private customer data from DataPilot tonight.,red,public_post,2026-03-22
green-0014,The weekly newsletter highlights upcoming product webinars and customer stories.,green,news,2026-02-06
orange-0007,A community member asks if recent security warnings from DataPilot are legitimate.,orange,forum,2026-02-07
green-0059,A blog post explains basic account settings and profile customization.,green,review,2026-03-20
green-0054,The release notes describe visual improvements and accessibility fixes.,green,forum,2026-02-26
orange-0148,A support forum shows a sudden increase in complaints about blocked accounts on DataPilot.,orange,review,2026-03-09
red-0056,Public post mentions leaked BrightPanel credentials and active exploitation attempts.,red,review,2026-04-04
red-0156,Public post mentions leaked OpenGate credentials and active exploitation attempts.,red,forum,2026-01-29
orange-0026,A support forum shows a sudden increase in complaints about blocked accounts on OpenGate.,orange,news,2026-01-15
red-0190,A public message threatens to publish private customer data from SecureHub tonight.,red,public_post,2026-02-16
green-0129,Users discuss preferred dashboard layouts and reporting exports in SecureHub.,green,review,2026-05-01
orange-0029,A community member asks if recent security warnings from Northstar are legitimate.,orange,review,2026-01-27
green-0005,The release notes describe visual improvements and accessibility fixes.,green,support_thread,2026-04-02
green-0111,A blog post explains basic account settings and profile customization.,green,support_thread,2026-03-19
green-0182,A customer shares a positive onboarding experience with the PayLink support team.,green,public_post,2026-04-09
orange-0178,"Users describe repeated password reset messages, but no confirmed breach is reported.",orange,news,2026-03-19
orange-0015,A support forum shows a sudden increase in complaints about blocked accounts on DataPilot.,orange,forum,2026-02-26
red-0161,A forum thread shares administrator passwords related to CloudDesk and asks others to test them.,red,public_post,2026-04-10
red-0021,Multiple reports describe unauthorized withdrawals after account takeover on OpenGate.,red,forum,2026-04-18
green-0183,A customer shares a positive onboarding experience with the OpenGate support team.,green,news,2026-04-25
red-0023,A paste site appears to expose internal tokens connected to MarketBoard environments.,red,public_post,2026-01-09
red-0174,A paste site appears to expose internal tokens connected to OpenGate environments.,red,news,2026-01-04
red-0032,Community moderators warn that attackers are actively bypassing two-factor checks on MarketBoard.,red,forum,2026-03-12
green-0092,A user asks how to change notification settings in the MarketBoard mobile app.,green,public_post,2026-02-27
orange-0020,A support forum shows a sudden increase in complaints about blocked accounts on PayLink.,orange,news,2026-03-16
red-0160,Community moderators warn that attackers are actively bypassing two-factor checks on MarketBoard.,red,review,2026-04-09
green-0089,The weekly newsletter highlights upcoming product webinars and customer stories.,green,review,2026-04-21
orange-0094,Posts about MarketBoard show rising frustration after unexplained session timeouts.,orange,review,2026-01-05
green-0065,A public article compares pricing options for several productivity platforms.,green,public_post,2026-01-26
green-0002,A blog post explains basic account settings and profile customization.,green,review,2026-04-09
orange-0038,Some customers mention suspicious emails that look similar to CloudDesk notifications.,orange,news,2026-02-05
red-0015,A public message threatens to publish private customer data from CloudDesk tonight.,red,public_post,2026-04-20
green-0106,Users discuss preferred dashboard layouts and reporting exports in CloudDesk.,green,forum,2026-01-17
red-0104,Multiple reports describe unauthorized withdrawals after account takeover on Northstar.,red,public_post,2026-03-26
red-0006,A paste site appears to expose internal tokens connected to SecureHub environments.,red,support_thread,2026-02-27
red-0171,A public message threatens to publish private customer data from OpenGate tonight.,red,public_post,2026-04-20
green-0047,The release notes describe visual improvements and accessibility fixes.,green,review,2026-01-06
orange-0152,A support forum shows a sudden increase in complaints about blocked accounts on OpenGate.,orange,forum,2026-01-16
red-0058,Community moderators warn that attackers are actively bypassing two-factor checks on PayLink.,red,public_post,2026-02-24
red-0191,A public message threatens to publish private customer data from Northstar tonight.,red,support_thread,2026-04-01
red-0184,Users report confirmed malware links sent through official-looking BrightPanel support messages.,red,support_thread,2026-04-06
red-0146,A public message threatens to publish private customer data from BrightPanel tonight.,red,forum,2026-03-04
red-0013,A public message threatens to publish private customer data from OpenGate tonight.,red,public_post,2026-03-15
red-0061,Public post mentions leaked CloudDesk credentials and active exploitation attempts.,red,public_post,2026-04-29
green-0120,The weekly newsletter highlights upcoming product webinars and customer stories.,green,public_post,2026-01-19
red-0186,A public message threatens to publish private customer data from MarketBoard tonight.,red,public_post,2026-02-02
red-0151,A forum thread shares administrator passwords related to DataPilot and asks others to test them.,red,forum,2026-01-24
red-0136,A public message threatens to publish private customer data from DataPilot tonight.,red,review,2026-01-10
green-0044,Users discuss preferred dashboard layouts and reporting exports in OpenGate.,green,forum,2026-01-14
red-0059,A public message threatens to publish private customer data from DataPilot tonight.,red,forum,2026-02-01
orange-0196,Some customers mention suspicious emails that look similar to BrightPanel notifications.,orange,public_post,2026-01-20
red-0080,Several users claim that SecureHub access was compromised after a suspicious reset campaign.,red,review,2026-02-17
red-0090,A public message threatens to publish private customer data from PayLink tonight.,red,news,2026-04-05
red-0037,Multiple reports describe unauthorized withdrawals after account takeover on PayLink.,red,public_post,2026-02-17
green-0156,A customer shares a positive onboarding experience with the BrightPanel support team.,green,review,2026-03-07
red-0165,Several users claim that Northstar access was compromised after a suspicious reset campaign.,red,support_thread,2026-02-14
green-0107,A customer shares a positive onboarding experience with the OpenGate support team.,green,review,2026-04-12
red-0076,Community moderators warn that attackers are actively bypassing two-factor checks on OpenGate.,red,forum,2026-04-29
red-0027,A public message threatens to publish private customer data from BrightPanel tonight.,red,support_thread,2026-04-25
orange-0197,Some customers mention suspicious emails that look similar to PayLink notifications.,orange,news,2026-04-03
orange-0019,Some customers mention suspicious emails that look similar to DataPilot notifications.,orange,news,2026-03-08
red-0089,Public post mentions leaked Northstar credentials and active exploitation attempts.,red,public_post,2026-02-12
orange-0145,Posts about DataPilot show rising frustration after unexplained session timeouts.,orange,news,2026-03-19
green-0173,A blog post explains basic account settings and profile customization.,green,public_post,2026-03-29
orange-0159,Several users report unusual login prompts when trying to access OpenGate.,orange,support_thread,2026-01-22
orange-0098,"Users describe repeated password reset messages, but no confirmed breach is reported.",orange,news,2026-04-19
orange-0102,"Users describe repeated password reset messages, but no confirmed breach is reported.",orange,support_thread,2026-04-17
red-0179,Community moderators warn that attackers are actively bypassing two-factor checks on SecureHub.,red,news,2026-03-30
red-0176,Users report confirmed malware links sent through official-looking MarketBoard support messages.,red,review,2026-02-13
red-0143,Public post mentions leaked BrightPanel credentials and active exploitation attempts.,red,forum,2026-03-03
red-0133,A paste site appears to expose internal tokens connected to DataPilot environments.,red,public_post,2026-04-25
red-0131,Several users claim that DataPilot access was compromised after a suspicious reset campaign.,red,news,2026-01-18
red-0057,Several users claim that SecureHub access was compromised after a suspicious reset campaign.,red,public_post,2026-01-25
red-0067,Multiple reports describe unauthorized withdrawals after account takeover on Northstar.,red,support_thread,2026-03-16
red-0026,A forum thread shares administrator passwords related to SecureHub and asks others to test them.,red,support_thread,2026-04-06
green-0080,The weekly newsletter highlights upcoming product webinars and customer stories.,green,support_thread,2026-03-26
red-0166,A paste site appears to expose internal tokens connected to OpenGate environments.,red,support_thread,2026-01-09
orange-0042,A community member asks if recent security warnings from OpenGate are legitimate.,orange,support_thread,2026-02-12
orange-0045,"Users describe repeated password reset messages, but no confirmed breach is reported.",orange,review,2026-01-06
orange-0140,A growing thread complains about delayed account verification on SecureHub.,orange,news,2026-02-18
orange-0041,A community member asks if recent security warnings from PayLink are legitimate.,orange,support_thread,2026-02-27
red-0012,Several users claim that BrightPanel access was compromised after a suspicious reset campaign.,red,support_thread,2026-01-11
green-0119,A public article compares pricing options for several productivity platforms.,green,news,2026-03-16
orange-0120,Posts about CloudDesk show rising frustration after unexplained session timeouts.,orange,forum,2026-04-12
red-0091,A paste site appears to expose internal tokens connected to Northstar environments.,red,forum,2026-01-15
red-0064,A forum thread shares administrator passwords related to BrightPanel and asks others to test them.,red,news,2026-01-01
orange-0149,Several users report unusual login prompts when trying to access SecureHub.,orange,support_thread,2026-02-20
green-0162,The company announced a new interface update for MarketBoard with minor usability changes.,green,review,2026-03-25
red-0164,Several users claim that SecureHub access was compromised after a suspicious reset campaign.,red,review,2026-01-14
orange-0037,A community member asks if recent security warnings from PayLink are legitimate.,orange,public_post,2026-02-19
orange-0074,Several users report unusual login prompts when trying to access MarketBoard.,orange,news,2026-04-11
red-0093,A forum thread shares administrator passwords related to BrightPanel and asks others to test them.,red,forum,2026-01-17
red-0010,A paste site appears to expose internal tokens connected to CloudDesk environments.,red,review,2026-02-15
green-0187,The company announced a new interface update for Northstar with minor usability changes.,green,news,2026-02-08
red-0108,Several users claim that MarketBoard access was compromised after a suspicious reset campaign.,red,support_thread,2026-01-23
green-0179,A public article compares pricing options for several productivity platforms.,green,news,2026-01-06
green-0127,The release notes describe visual improvements and accessibility fixes.,green,review,2026-03-28
red-0103,Users report confirmed malware links sent through official-looking MarketBoard support messages.,red,public_post,2026-04-16
orange-0099,A growing thread complains about delayed account verification on SecureHub.,orange,support_thread,2026-03-24
orange-0199,A community member asks if recent security warnings from MarketBoard are legitimate.,orange,news,2026-04-07
orange-0066,A support forum shows a sudden increase in complaints about blocked accounts on BrightPanel.,orange,review,2026-03-30
red-0115,Several users claim that MarketBoard access was compromised after a suspicious reset campaign.,red,review,2026-03-06
red-0019,A forum thread shares administrator passwords related to SecureHub and asks others to test them.,red,news,2026-01-21
green-0090,The release notes describe visual improvements and accessibility fixes.,green,review,2026-01-17
orange-0185,A growing thread complains about delayed account verification on BrightPanel.,orange,review,2026-02-06
orange-0064,A community member asks if recent security warnings from MarketBoard are legitimate.,orange,support_thread,2026-03-28
red-0169,Community moderators warn that attackers are actively bypassing two-factor checks on PayLink.,red,public_post,2026-02-25
red-0065,A public message threatens to publish private customer data from DataPilot tonight.,red,news,2026-02-06
red-0062,A forum thread shares administrator passwords related to BrightPanel and asks others to test them.,red,news,2026-03-04
orange-0055,"Users describe repeated password reset messages, but no confirmed breach is reported.",orange,forum,2026-02-25
green-0088,A blog post explains basic account settings and profile customization.,green,review,2026-01-27
red-0036,A forum thread shares administrator passwords related to CloudDesk and asks others to test them.,red,review,2026-04-22
red-0128,Multiple reports describe unauthorized withdrawals after account takeover on PayLink.,red,forum,2026-03-25
red-0173,Multiple reports describe unauthorized withdrawals after account takeover on DataPilot.,red,support_thread,2026-03-14
red-0105,A paste site appears to expose internal tokens connected to OpenGate environments.,red,forum,2026-02-05
green-0188,A customer shares a positive onboarding experience with the BrightPanel support team.,green,public_post,2026-04-16
green-0033,A user asks how to change notification settings in the DataPilot mobile app.,green,review,2026-01-05
orange-0025,Several users report unusual login prompts when trying to access DataPilot.,orange,review,2026-01-12
orange-0182,A community member asks if recent security warnings from PayLink are legitimate.,orange,review,2026-02-16
red-0054,A paste site appears to expose internal tokens connected to OpenGate environments.,red,news,2026-02-24
orange-0092,A public review mentions unexpected payment declines and asks whether others saw the same issue.,orange,public_post,2026-03-17
green-0039,A customer shares a positive onboarding experience with the BrightPanel support team.,green,news,2026-04-06
red-0187,Several users claim that SecureHub access was compromised after a suspicious reset campaign.,red,forum,2026-02-10
orange-0087,A public review mentions unexpected payment declines and asks whether others saw the same issue.,orange,forum,2026-03-24
green-0046,A customer shares a positive onboarding experience with the PayLink support team.,green,news,2026-03-30
orange-0154,Posts about SecureHub show rising frustration after unexplained session timeouts.,orange,support_thread,2026-03-06
orange-0144,Several users report unusual login prompts when trying to access CloudDesk.,orange,news,2026-02-04
green-0154,Users discuss preferred dashboard layouts and reporting exports in PayLink.,green,review,2026-01-02
orange-0136,Several users report unusual login prompts when trying to access MarketBoard.,orange,public_post,2026-01-04
green-0073,The weekly newsletter highlights upcoming product webinars and customer stories.,green,support_thread,2026-02-25
green-0010,A customer shares a positive onboarding experience with the Northstar support team.,green,support_thread,2026-02-20
red-0145,A paste site appears to expose internal tokens connected to SecureHub environments.,red,public_post,2026-03-04
red-0030,Several users claim that PayLink access was compromised after a suspicious reset campaign.,red,public_post,2026-03-22
red-0094,A public message threatens to publish private customer data from OpenGate tonight.,red,forum,2026-04-26
green-0066,A public article compares pricing options for several productivity platforms.,green,review,2026-01-04
orange-0002,A support forum shows a sudden increase in complaints about blocked accounts on BrightPanel.,orange,support_thread,2026-02-09
green-0147,The company announced a new interface update for BrightPanel with minor usability changes.,green,news,2026-04-11
orange-0156,Posts about Northstar show rising frustration after unexplained session timeouts.,orange,forum,2026-02-28
red-0097,A paste site appears to expose internal tokens connected to PayLink environments.,red,public_post,2026-04-29
orange-0162,Posts about CloudDesk show rising frustration after unexplained session timeouts.,orange,review,2026-02-20
red-0063,Multiple reports describe unauthorized withdrawals after account takeover on BrightPanel.,red,forum,2026-04-26
green-0118,A blog post explains basic account settings and profile customization.,green,support_thread,2026-03-25
green-0184,A blog post explains basic account settings and profile customization.,green,forum,2026-02-18
red-0126,Community moderators warn that attackers are actively bypassing two-factor checks on CloudDesk.,red,news,2026-02-28
orange-0114,Several users report unusual login prompts when trying to access DataPilot.,orange,news,2026-04-19
orange-0032,"Users describe repeated password reset messages, but no confirmed breach is reported.",orange,support_thread,2026-02-09
green-0190,Users discuss preferred dashboard layouts and reporting exports in SecureHub.,green,forum,2026-04-30
green-0048,A customer shares a positive onboarding experience with the MarketBoard support team.,green,forum,2026-03-23
red-0082,A public message threatens to publish private customer data from Northstar tonight.,red,support_thread,2026-03-27
orange-0134,A public review mentions unexpected payment declines and asks whether others saw the same issue.,orange,review,2026-04-08
orange-0093,Posts about CloudDesk show rising frustration after unexplained session timeouts.,orange,news,2026-04-17
green-0170,A user asks how to change notification settings in the DataPilot mobile app.,green,review,2026-03-09
red-0123,Users report confirmed malware links sent through official-looking CloudDesk support messages.,red,public_post,2026-04-15
red-0052,A forum thread shares administrator passwords related to DataPilot and asks others to test them.,red,news,2026-02-01
orange-0150,Several users report unusual login prompts when trying to access Northstar.,orange,review,2026-01-27
green-0045,The release notes describe visual improvements and accessibility fixes.,green,news,2026-02-09
red-0083,A public message threatens to publish private customer data from CloudDesk tonight.,red,public_post,2026-05-01
green-0074,The company announced a new interface update for CloudDesk with minor usability changes.,green,public_post,2026-03-08
green-0071,A user asks how to change notification settings in the DataPilot mobile app.,green,support_thread,2026-03-01
green-0193,The company announced a new interface update for DataPilot with minor usability changes.,green,forum,2026-03-18
orange-0161,A growing thread complains about delayed account verification on SecureHub.,orange,support_thread,2026-02-25
green-0145,A user asks how to change notification settings in the SecureHub mobile app.,green,forum,2026-03-10
green-0051,A blog post explains basic account settings and profile customization.,green,forum,2026-01-17
orange-0096,A public review mentions unexpected payment declines and asks whether others saw the same issue.,orange,review,2026-03-29
red-0111,A paste site appears to expose internal tokens connected to CloudDesk environments.,red,support_thread,2026-02-19
green-0093,The weekly newsletter highlights upcoming product webinars and customer stories.,green,review,2026-01-07
red-0113,Public post mentions leaked SecureHub credentials and active exploitation attempts.,red,news,2026-02-16
red-0085,A forum thread shares administrator passwords related to MarketBoard and asks others to test them.,red,support_thread,2026-02-06
green-0140,A customer shares a positive onboarding experience with the OpenGate support team.,green,news,2026-04-02
orange-0006,A growing thread complains about delayed account verification on PayLink.,orange,news,2026-01-01
red-0098,A forum thread shares administrator passwords related to PayLink and asks others to test them.,red,news,2026-04-23
red-0159,Community moderators warn that attackers are actively bypassing two-factor checks on CloudDesk.,red,public_post,2026-03-14
orange-0081,Some customers mention suspicious emails that look similar to SecureHub notifications.,orange,news,2026-04-21
green-0121,The company announced a new interface update for CloudDesk with minor usability changes.,green,forum,2026-01-25
red-0102,Community moderators warn that attackers are actively bypassing two-factor checks on SecureHub.,red,news,2026-01-26
orange-0043,Posts about DataPilot show rising frustration after unexplained session timeouts.,orange,review,2026-04-30
red-0002,Multiple reports describe unauthorized withdrawals after account takeover on SecureHub.,red,forum,2026-01-18
green-0069,A customer shares a positive onboarding experience with the DataPilot support team.,green,news,2026-03-09
red-0070,Several users claim that PayLink access was compromised after a suspicious reset campaign.,red,support_thread,2026-01-09
orange-0112,A growing thread complains about delayed account verification on DataPilot.,orange,public_post,2026-03-06
orange-0035,A community member asks if recent security warnings from MarketBoard are legitimate.,orange,review,2026-03-07
green-0133,A customer shares a positive onboarding experience with the BrightPanel support team.,green,review,2026-04-15
orange-0054,Several users report unusual login prompts when trying to access CloudDesk.,orange,review,2026-01-31
orange-0122,Posts about OpenGate show rising frustration after unexplained session timeouts.,orange,news,2026-04-16
red-0129,Several users claim that BrightPanel access was compromised after a suspicious reset campaign.,red,public_post,2026-01-29
orange-0107,A growing thread complains about delayed account verification on Northstar.,orange,forum,2026-01-17
orange-0164,A growing thread complains about delayed account verification on CloudDesk.,orange,support_thread,2026-03-09
green-0058,A user asks how to change notification settings in the MarketBoard mobile app.,green,review,2026-04-10
green-0166,The release notes describe visual improvements and accessibility fixes.,green,public_post,2026-01-29
orange-0016,Several users report unusual login prompts when trying to access BrightPanel.,orange,review,2026-04-05
red-0142,A paste site appears to expose internal tokens connected to BrightPanel environments.,red,support_thread,2026-04-26
orange-0193,"Users describe repeated password reset messages, but no confirmed breach is reported.",orange,public_post,2026-01-18
red-0086,Multiple reports describe unauthorized withdrawals after account takeover on OpenGate.,red,review,2026-01-27
red-0033,Several users claim that MarketBoard access was compromised after a suspicious reset campaign.,red,review,2026-04-09
green-0160,A public article compares pricing options for several productivity platforms.,green,review,2026-04-07
orange-0053,Posts about OpenGate show rising frustration after unexplained session timeouts.,orange,news,2026-03-22
orange-0076,A growing thread complains about delayed account verification on MarketBoard.,orange,news,2026-02-11
red-0155,Community moderators warn that attackers are actively bypassing two-factor checks on Northstar.,red,support_thread,2026-04-06
orange-0119,A support forum shows a sudden increase in complaints about blocked accounts on DataPilot.,orange,support_thread,2026-03-06
green-0199,Users discuss preferred dashboard layouts and reporting exports in Northstar.,green,support_thread,2026-03-13
green-0094,A customer shares a positive onboarding experience with the BrightPanel support team.,green,public_post,2026-02-01
orange-0124,A public review mentions unexpected payment declines and asks whether others saw the same issue.,orange,review,2026-02-10
green-0097,A blog post explains basic account settings and profile customization.,green,news,2026-01-12
orange-0067,A community member asks if recent security warnings from MarketBoard are legitimate.,orange,news,2026-01-26
green-0016,The company announced a new interface update for CloudDesk with minor usability changes.,green,review,2026-01-03
orange-0174,Several users report unusual login prompts when trying to access Northstar.,orange,review,2026-02-17
red-0199,A public message threatens to publish private customer data from CloudDesk tonight.,red,forum,2026-02-01
green-0076,A public article compares pricing options for several productivity platforms.,green,support_thread,2026-05-01
green-0124,A blog post explains basic account settings and profile customization.,green,public_post,2026-04-01
green-0050,The weekly newsletter highlights upcoming product webinars and customer stories.,green,support_thread,2026-01-19
red-0198,Several users claim that Northstar access was compromised after a suspicious reset campaign.,red,public_post,2026-01-20
red-0167,Users report confirmed malware links sent through official-looking Northstar support messages.,red,news,2026-04-19
green-0006,A user asks how to change notification settings in the MarketBoard mobile app.,green,public_post,2026-01-11
green-0134,The weekly newsletter highlights upcoming product webinars and customer stories.,green,review,2026-01-06
green-0025,The weekly newsletter highlights upcoming product webinars and customer stories.,green,review,2026-03-09
red-0046,Community moderators warn that attackers are actively bypassing two-factor checks on DataPilot.,red,public_post,2026-01-16
red-0014,Several users claim that Northstar access was compromised after a suspicious reset campaign.,red,public_post,2026-03-26
green-0155,Users discuss preferred dashboard layouts and reporting exports in SecureHub.,green,support_thread,2026-01-23
green-0130,Users discuss preferred dashboard layouts and reporting exports in SecureHub.,green,news,2026-03-30
orange-0063,A community member asks if recent security warnings from MarketBoard are legitimate.,orange,forum,2026-03-27
orange-0085,Posts about OpenGate show rising frustration after unexplained session timeouts.,orange,public_post,2026-01-14
orange-0086,A community member asks if recent security warnings from Northstar are legitimate.,orange,support_thread,2026-03-21
orange-0030,Some customers mention suspicious emails that look similar to MarketBoard notifications.,orange,news,2026-02-26
green-0038,The release notes describe visual improvements and accessibility fixes.,green,review,2026-01-16
green-0131,The release notes describe visual improvements and accessibility fixes.,green,support_thread,2026-02-14
red-0045,Multiple reports describe unauthorized withdrawals after account takeover on MarketBoard.,red,review,2026-02-21
red-0068,Public post mentions leaked OpenGate credentials and active exploitation attempts.,red,forum,2026-01-08
green-0164,A blog post explains basic account settings and profile customization.,green,news,2026-01-21
orange-0181,Several users report unusual login prompts when trying to access SecureHub.,orange,news,2026-04-01
orange-0113,Several users report unusual login prompts when trying to access MarketBoard.,orange,forum,2026-02-28
orange-0028,"Users describe repeated password reset messages, but no confirmed breach is reported.",orange,news,2026-03-21
red-0158,Public post mentions leaked PayLink credentials and active exploitation attempts.,red,public_post,2026-01-31
red-0003,Several users claim that BrightPanel access was compromised after a suspicious reset campaign.,red,forum,2026-01-05
green-0136,Users discuss preferred dashboard layouts and reporting exports in DataPilot.,green,public_post,2026-01-28
green-0035,The company announced a new interface update for OpenGate with minor usability changes.,green,review,2026-04-30
red-0185,Users report confirmed malware links sent through official-looking OpenGate support messages.,red,news,2026-03-31
red-0163,A public message threatens to publish private customer data from BrightPanel tonight.,red,public_post,2026-02-20
green-0040,A customer shares a positive onboarding experience with the OpenGate support team.,green,news,2026-01-24
green-0029,The release notes describe visual improvements and accessibility fixes.,green,forum,2026-04-04
orange-0126,A growing thread complains about delayed account verification on CloudDesk.,orange,forum,2026-04-17
red-0079,A public message threatens to publish private customer data from PayLink tonight.,red,review,2026-04-30
green-0181,A user asks how to change notification settings in the DataPilot mobile app.,green,review,2026-01-05
orange-0195,Several users report unusual login prompts when trying to access OpenGate.,orange,support_thread,2026-04-23
red-0038,Public post mentions leaked OpenGate credentials and active exploitation attempts.,red,forum,2026-03-04
red-0127,Multiple reports describe unauthorized withdrawals after account takeover on BrightPanel.,red,news,2026-03-05
red-0152,A public message threatens to publish private customer data from BrightPanel tonight.,red,public_post,2026-02-11
green-0062,A user asks how to change notification settings in the OpenGate mobile app.,green,review,2026-03-27
red-0044,A paste site appears to expose internal tokens connected to SecureHub environments.,red,support_thread,2026-04-29
green-0004,The weekly newsletter highlights upcoming product webinars and customer stories.,green,news,2026-01-07
orange-0100,Several users report unusual login prompts when trying to access Northstar.,orange,review,2026-04-11
red-0096,Several users claim that OpenGate access was compromised after a suspicious reset campaign.,red,support_thread,2026-04-10
orange-0022,Posts about OpenGate show rising frustration after unexplained session timeouts.,orange,forum,2026-02-11
green-0159,A public article compares pricing options for several productivity platforms.,green,news,2026-02-03
orange-0084,A community member asks if recent security warnings from OpenGate are legitimate.,orange,review,2026-03-28
red-0183,Users report confirmed malware links sent through official-looking DataPilot support messages.,red,support_thread,2026-03-12
red-0117,A forum thread shares administrator passwords related to SecureHub and asks others to test them.,red,news,2026-02-23
green-0103,The release notes describe visual improvements and accessibility fixes.,green,forum,2026-02-21
green-0186,A customer shares a positive onboarding experience with the PayLink support team.,green,public_post,2026-04-04
red-0140,Several users claim that BrightPanel access was compromised after a suspicious reset campaign.,red,review,2026-02-22
orange-0125,A public review mentions unexpected payment declines and asks whether others saw the same issue.,orange,news,2026-03-29
green-0153,The release notes describe visual improvements and accessibility fixes.,green,news,2026-04-04
red-0168,Community moderators warn that attackers are actively bypassing two-factor checks on CloudDesk.,red,review,2026-02-25
orange-0166,"Users describe repeated password reset messages, but no confirmed breach is reported.",orange,review,2026-01-19
orange-0105,Several users report unusual login prompts when trying to access MarketBoard.,orange,public_post,2026-04-20
orange-0115,Posts about CloudDesk show rising frustration after unexplained session timeouts.,orange,news,2026-03-04
orange-0110,Some customers mention suspicious emails that look similar to BrightPanel notifications.,orange,forum,2026-03-09
red-0175,Users report confirmed malware links sent through official-looking PayLink support messages.,red,public_post,2026-03-04
green-0104,A public article compares pricing options for several productivity platforms.,green,review,2026-03-12
green-0072,The release notes describe visual improvements and accessibility fixes.,green,support_thread,2026-04-23
orange-0024,A support forum shows a sudden increase in complaints about blocked accounts on BrightPanel.,orange,support_thread,2026-04-15
red-0051,A public message threatens to publish private customer data from DataPilot tonight.,red,support_thread,2026-01-28
red-0028,A paste site appears to expose internal tokens connected to OpenGate environments.,red,public_post,2026-01-29
red-0178,Several users claim that SecureHub access was compromised after a suspicious reset campaign.,red,news,2026-04-03
orange-0057,Several users report unusual login prompts when trying to access Northstar.,orange,forum,2026-02-11
green-0109,A customer shares a positive onboarding experience with the Northstar support team.,green,forum,2026-01-06
green-0096,A blog post explains basic account settings and profile customization.,green,review,2026-03-05
red-0197,Several users claim that CloudDesk access was compromised after a suspicious reset campaign.,red,news,2026-02-21
green-0135,A user asks how to change notification settings in the OpenGate mobile app.,green,news,2026-04-29
orange-0077,Some customers mention suspicious emails that look similar to SecureHub notifications.,orange,support_thread,2026-01-17
orange-0147,A growing thread complains about delayed account verification on OpenGate.,orange,forum,2026-02-25
red-0200,A paste site appears to expose internal tokens connected to SecureHub environments.,red,support_thread,2026-04-10
orange-0183,A support forum shows a sudden increase in complaints about blocked accounts on BrightPanel.,orange,review,2026-02-22
green-0031,The release notes describe visual improvements and accessibility fixes.,green,news,2026-04-17
orange-0175,A growing thread complains about delayed account verification on CloudDesk.,orange,support_thread,2026-03-20
red-0084,A public message threatens to publish private customer data from CloudDesk tonight.,red,forum,2026-04-24
green-0037,A public article compares pricing options for several productivity platforms.,green,forum,2026-02-15
red-0040,Multiple reports describe unauthorized withdrawals after account takeover on Northstar.,red,support_thread,2026-01-31
green-0022,The company announced a new interface update for SecureHub with minor usability changes.,green,public_post,2026-04-02
orange-0165,"Users describe repeated password reset messages, but no confirmed breach is reported.",orange,public_post,2026-02-14
red-0074,Multiple reports describe unauthorized withdrawals after account takeover on OpenGate.,red,review,2026-01-31
orange-0101,"Users describe repeated password reset messages, but no confirmed breach is reported.",orange,support_thread,2026-04-11
red-0107,A paste site appears to expose internal tokens connected to OpenGate environments.,red,forum,2026-05-01
green-0043,A user asks how to change notification settings in the BrightPanel mobile app.,green,public_post,2026-03-19
red-0162,A public message threatens to publish private customer data from CloudDesk tonight.,red,forum,2026-03-16
green-0036,A customer shares a positive onboarding experience with the DataPilot support team.,green,forum,2026-02-02
green-0146,The weekly newsletter highlights upcoming product webinars and customer stories.,green,public_post,2026-04-23
orange-0137,A support forum shows a sudden increase in complaints about blocked accounts on MarketBoard.,orange,review,2026-04-28
orange-0089,A growing thread complains about delayed account verification on PayLink.,orange,forum,2026-01-06
orange-0079,A support forum shows a sudden increase in complaints about blocked accounts on DataPilot.,orange,review,2026-04-14
red-0144,Users report confirmed malware links sent through official-looking MarketBoard support messages.,red,news,2026-04-07
green-0012,The release notes describe visual improvements and accessibility fixes.,green,review,2026-01-04
green-0082,A user asks how to change notification settings in the Northstar mobile app.,green,support_thread,2026-03-24
red-0024,Users report confirmed malware links sent through official-looking SecureHub support messages.,red,news,2026-03-25
red-0139,A paste site appears to expose internal tokens connected to PayLink environments.,red,public_post,2026-04-01
green-0001,A public article compares pricing options for several productivity platforms.,green,support_thread,2026-03-28
orange-0091,"Users describe repeated password reset messages, but no confirmed breach is reported.",orange,news,2026-02-19
orange-0155,A public review mentions unexpected payment declines and asks whether others saw the same issue.,orange,forum,2026-02-20
red-0109,A public message threatens to publish private customer data from Northstar tonight.,red,support_thread,2026-01-14
red-0118,A forum thread shares administrator passwords related to MarketBoard and asks others to test them.,red,support_thread,2026-02-21
red-0022,Multiple reports describe unauthorized withdrawals after account takeover on Northstar.,red,review,2026-04-14
orange-0071,Several users report unusual login prompts when trying to access DataPilot.,orange,review,2026-04-17
green-0200,The weekly newsletter highlights upcoming product webinars and customer stories.,green,news,2026-03-13
green-0041,A blog post explains basic account settings and profile customization.,green,support_thread,2026-04-29
red-0170,A public message threatens to publish private customer data from DataPilot tonight.,red,news,2026-03-01
orange-0131,A support forum shows a sudden increase in complaints about blocked accounts on OpenGate.,orange,support_thread,2026-01-14
green-0158,The weekly newsletter highlights upcoming product webinars and customer stories.,green,review,2026-03-03
orange-0056,A growing thread complains about delayed account verification on DataPilot.,orange,review,2026-01-22
red-0043,A forum thread shares administrator passwords related to MarketBoard and asks others to test them.,red,support_thread,2026-03-09
red-0088,Several users claim that BrightPanel access was compromised after a suspicious reset campaign.,red,review,2026-04-17
orange-0160,A community member asks if recent security warnings from OpenGate are legitimate.,orange,news,2026-01-12
green-0068,The weekly newsletter highlights upcoming product webinars and customer stories.,green,review,2026-01-09
green-0169,A blog post explains basic account settings and profile customization.,green,public_post,2026-04-08
red-0029,Community moderators warn that attackers are actively bypassing two-factor checks on CloudDesk.,red,forum,2026-04-07
orange-0044,"Users describe repeated password reset messages, but no confirmed breach is reported.",orange,news,2026-03-15
green-0052,A public article compares pricing options for several productivity platforms.,green,news,2026-02-16
red-0194,Several users claim that Northstar access was compromised after a suspicious reset campaign.,red,review,2026-03-15
green-0189,A public article compares pricing options for several productivity platforms.,green,public_post,2026-02-14
green-0132,Users discuss preferred dashboard layouts and reporting exports in MarketBoard.,green,support_thread,2026-01-16
red-0048,Multiple reports describe unauthorized withdrawals after account takeover on SecureHub.,red,forum,2026-01-01
green-0123,A customer shares a positive onboarding experience with the SecureHub support team.,green,support_thread,2026-02-22
green-0115,A blog post explains basic account settings and profile customization.,green,forum,2026-03-02
orange-0133,"Users describe repeated password reset messages, but no confirmed breach is reported.",orange,support_thread,2026-02-14
orange-0135,"Users describe repeated password reset messages, but no confirmed breach is reported.",orange,support_thread,2026-04-19
red-0042,Several users claim that PayLink access was compromised after a suspicious reset campaign.,red,news,2026-01-17
orange-0151,"Users describe repeated password reset messages, but no confirmed breach is reported.",orange,review,2026-04-08
red-0154,A public message threatens to publish private customer data from BrightPanel tonight.,red,forum,2026-02-02
red-0116,A paste site appears to expose internal tokens connected to OpenGate environments.,red,review,2026-02-21
orange-0157,A public review mentions unexpected payment declines and asks whether others saw the same issue.,orange,news,2026-03-15
red-0125,A forum thread shares administrator passwords related to Northstar and asks others to test them.,red,public_post,2026-01-06
green-0177,A blog post explains basic account settings and profile customization.,green,forum,2026-04-03
green-0102,Users discuss preferred dashboard layouts and reporting exports in OpenGate.,green,news,2026-04-08
orange-0008,"Users describe repeated password reset messages, but no confirmed breach is reported.",orange,review,2026-04-01
green-0064,The weekly newsletter highlights upcoming product webinars and customer stories.,green,review,2026-04-12
green-0161,The release notes describe visual improvements and accessibility fixes.,green,support_thread,2026-03-16
orange-0004,"Users describe repeated password reset messages, but no confirmed breach is reported.",orange,forum,2026-03-26
green-0099,The release notes describe visual improvements and accessibility fixes.,green,review,2026-01-07
red-0137,Multiple reports describe unauthorized withdrawals after account takeover on MarketBoard.,red,review,2026-02-12
red-0182,Multiple reports describe unauthorized withdrawals after account takeover on MarketBoard.,red,support_thread,2026-03-26
green-0018,A customer shares a positive onboarding experience with the CloudDesk support team.,green,review,2026-04-10
red-0130,Community moderators warn that attackers are actively bypassing two-factor checks on Northstar.,red,public_post,2026-03-13
orange-0070,Several users report unusual login prompts when trying to access BrightPanel.,orange,forum,2026-02-05
orange-0118,A public review mentions unexpected payment declines and asks whether others saw the same issue.,orange,support_thread,2026-03-18
red-0099,Public post mentions leaked PayLink credentials and active exploitation attempts.,red,review,2026-04-05
red-0124,A public message threatens to publish private customer data from SecureHub tonight.,red,public_post,2026-04-14
red-0077,Public post mentions leaked DataPilot credentials and active exploitation attempts.,red,support_thread,2026-03-21
green-0086,A customer shares a positive onboarding experience with the MarketBoard support team.,green,forum,2026-02-28
red-0050,Users report confirmed malware links sent through official-looking CloudDesk support messages.,red,public_post,2026-03-07
red-0055,Community moderators warn that attackers are actively bypassing two-factor checks on Northstar.,red,forum,2026-03-28
red-0092,A forum thread shares administrator passwords related to Northstar and asks others to test them.,red,review,2026-04-17
green-0013,A user asks how to change notification settings in the OpenGate mobile app.,green,public_post,2026-04-12
orange-0021,A community member asks if recent security warnings from CloudDesk are legitimate.,orange,review,2026-03-02
green-0113,The release notes describe visual improvements and accessibility fixes.,green,support_thread,2026-02-20
orange-0158,Posts about MarketBoard show rising frustration after unexplained session timeouts.,orange,news,2026-01-15
green-0017,A public article compares pricing options for several productivity platforms.,green,support_thread,2026-03-12
orange-0058,A support forum shows a sudden increase in complaints about blocked accounts on OpenGate.,orange,news,2026-02-17
green-0049,A user asks how to change notification settings in the BrightPanel mobile app.,green,support_thread,2026-02-16
red-0147,A paste site appears to expose internal tokens connected to OpenGate environments.,red,news,2026-03-27
green-0163,A public article compares pricing options for several productivity platforms.,green,forum,2026-03-27
red-0141,Community moderators warn that attackers are actively bypassing two-factor checks on BrightPanel.,red,public_post,2026-01-08
orange-0170,A public review mentions unexpected payment declines and asks whether others saw the same issue.,orange,news,2026-01-20
orange-0072,"Users describe repeated password reset messages, but no confirmed breach is reported.",orange,public_post,2026-01-29
green-0055,The weekly newsletter highlights upcoming product webinars and customer stories.,green,review,2026-02-20
red-0007,A public message threatens to publish private customer data from Northstar tonight.,red,public_post,2026-04-08
orange-0011,"Users describe repeated password reset messages, but no confirmed breach is reported.",orange,review,2026-04-27
orange-0083,Several users report unusual login prompts when trying to access MarketBoard.,orange,forum,2026-03-10
orange-0073,A support forum shows a sudden increase in complaints about blocked accounts on PayLink.,orange,forum,2026-03-22
green-0077,Users discuss preferred dashboard layouts and reporting exports in CloudDesk.,green,public_post,2026-02-02
red-0009,Multiple reports describe unauthorized withdrawals after account takeover on OpenGate.,red,forum,2026-01-14
orange-0050,Posts about PayLink show rising frustration after unexplained session timeouts.,orange,news,2026-01-10
green-0117,A customer shares a positive onboarding experience with the MarketBoard support team.,green,forum,2026-04-12
orange-0048,A public review mentions unexpected payment declines and asks whether others saw the same issue.,orange,news,2026-04-22
green-0139,A public article compares pricing options for several productivity platforms.,green,forum,2026-01-07
orange-0142,A support forum shows a sudden increase in complaints about blocked accounts on OpenGate.,orange,support_thread,2026-04-10
green-0196,The weekly newsletter highlights upcoming product webinars and customer stories.,green,support_thread,2026-01-30
orange-0117,Some customers mention suspicious emails that look similar to CloudDesk notifications.,orange,review,2026-01-17
green-0087,The company announced a new interface update for PayLink with minor usability changes.,green,news,2026-02-26
red-0192,A forum thread shares administrator passwords related to MarketBoard and asks others to test them.,red,forum,2026-01-06
orange-0034,A growing thread complains about delayed account verification on DataPilot.,orange,public_post,2026-01-16
orange-0059,Some customers mention suspicious emails that look similar to SecureHub notifications.,orange,news,2026-03-09
red-0112,Multiple reports describe unauthorized withdrawals after account takeover on MarketBoard.,red,news,2026-01-06
red-0005,Public post mentions leaked SecureHub credentials and active exploitation attempts.,red,support_thread,2026-04-02
red-0078,Several users claim that CloudDesk access was compromised after a suspicious reset campaign.,red,public_post,2026-03-10
orange-0163,A public review mentions unexpected payment declines and asks whether others saw the same issue.,orange,public_post,2026-02-12
red-0035,Community moderators warn that attackers are actively bypassing two-factor checks on Northstar.,red,review,2026-04-03
red-0119,Public post mentions leaked MarketBoard credentials and active exploitation attempts.,red,public_post,2026-02-06
orange-0123,Posts about BrightPanel show rising frustration after unexplained session timeouts.,orange,forum,2026-04-04
green-0032,A blog post explains basic account settings and profile customization.,green,public_post,2026-04-14
red-0071,Several users claim that SecureHub access was compromised after a suspicious reset campaign.,red,forum,2026-02-21
orange-0012,Some customers mention suspicious emails that look similar to CloudDesk notifications.,orange,public_post,2026-01-08
red-0004,Several users claim that SecureHub access was compromised after a suspicious reset campaign.,red,support_thread,2026-01-30
orange-0192,"Users describe repeated password reset messages, but no confirmed breach is reported.",orange,news,2026-04-09
red-0025,A paste site appears to expose internal tokens connected to DataPilot environments.,red,review,2026-01-19
orange-0143,A growing thread complains about delayed account verification on Northstar.,orange,public_post,2026-01-20
green-0194,A public article compares pricing options for several productivity platforms.,green,news,2026-02-21
red-0039,Several users claim that OpenGate access was compromised after a suspicious reset campaign.,red,review,2026-04-23
green-0034,A public article compares pricing options for several productivity platforms.,green,public_post,2026-04-12
green-0030,The release notes describe visual improvements and accessibility fixes.,green,review,2026-01-06
red-0018,Multiple reports describe unauthorized withdrawals after account takeover on MarketBoard.,red,forum,2026-03-31
orange-0069,A public review mentions unexpected payment declines and asks whether others saw the same issue.,orange,review,2026-03-31
red-0031,A paste site appears to expose internal tokens connected to CloudDesk environments.,red,news,2026-02-19
green-0105,A user asks how to change notification settings in the BrightPanel mobile app.,green,news,2026-03-06
orange-0078,A public review mentions unexpected payment declines and asks whether others saw the same issue.,orange,public_post,2026-04-17
green-0056,Users discuss preferred dashboard layouts and reporting exports in SecureHub.,green,forum,2026-01-15
green-0070,A customer shares a positive onboarding experience with the CloudDesk support team.,green,review,2026-01-17
green-0167,A blog post explains basic account settings and profile customization.,green,support_thread,2026-02-28
green-0108,The release notes describe visual improvements and accessibility fixes.,green,support_thread,2026-01-26
orange-0080,A public review mentions unexpected payment declines and asks whether others saw the same issue.,orange,forum,2026-03-01
green-0137,Users discuss preferred dashboard layouts and reporting exports in MarketBoard.,green,forum,2026-01-18
red-0072,Multiple reports describe unauthorized withdrawals after account takeover on Northstar.,red,forum,2026-03-21
green-0101,The company announced a new interface update for CloudDesk with minor usability changes.,green,public_post,2026-02-25
red-0181,Several users claim that MarketBoard access was compromised after a suspicious reset campaign.,red,news,2026-01-29
green-0008,The weekly newsletter highlights upcoming product webinars and customer stories.,green,public_post,2026-01-12
orange-0176,Posts about DataPilot show rising frustration after unexplained session timeouts.,orange,support_thread,2026-03-16
red-0087,Community moderators warn that attackers are actively bypassing two-factor checks on MarketBoard.,red,forum,2026-04-26
green-0116,The release notes describe visual improvements and accessibility fixes.,green,forum,2026-03-28
green-0114,Users discuss preferred dashboard layouts and reporting exports in OpenGate.,green,support_thread,2026-03-06
orange-0179,Some customers mention suspicious emails that look similar to Northstar notifications.,orange,forum,2026-02-27
orange-0129,A public review mentions unexpected payment declines and asks whether others saw the same issue.,orange,review,2026-02-22
orange-0171,A growing thread complains about delayed account verification on DataPilot.,orange,review,2026-02-26
green-0095,The release notes describe visual improvements and accessibility fixes.,green,public_post,2026-01-25
orange-0051,A support forum shows a sudden increase in complaints about blocked accounts on OpenGate.,orange,news,2026-03-21
green-0021,A blog post explains basic account settings and profile customization.,green,news,2026-01-15
green-0198,The weekly newsletter highlights upcoming product webinars and customer stories.,green,review,2026-02-22
red-0132,Users report confirmed malware links sent through official-looking DataPilot support messages.,red,support_thread,2026-03-20
orange-0146,Posts about MarketBoard show rising frustration after unexplained session timeouts.,orange,support_thread,2026-01-28
green-0112,The weekly newsletter highlights upcoming product webinars and customer stories.,green,support_thread,2026-04-30
orange-0052,A growing thread complains about delayed account verification on OpenGate.,orange,support_thread,2026-04-20
orange-0189,Posts about OpenGate show rising frustration after unexplained session timeouts.,orange,public_post,2026-04-15
orange-0036,Posts about DataPilot show rising frustration after unexplained session timeouts.,orange,public_post,2026-03-02
orange-0138,A public review mentions unexpected payment declines and asks whether others saw the same issue.,orange,public_post,2026-01-24
orange-0001,Posts about DataPilot show rising frustration after unexplained session timeouts.,orange,news,2026-04-27
red-0157,Public post mentions leaked Northstar credentials and active exploitation attempts.,red,public_post,2026-02-01
orange-0103,"Users describe repeated password reset messages, but no confirmed breach is reported.",orange,public_post,2026-04-15
green-0028,The company announced a new interface update for OpenGate with minor usability changes.,green,forum,2026-04-11
green-0197,The release notes describe visual improvements and accessibility fixes.,green,review,2026-01-31
red-0017,Users report confirmed malware links sent through official-looking PayLink support messages.,red,review,2026-02-17
red-0150,Public post mentions leaked CloudDesk credentials and active exploitation attempts.,red,news,2026-03-24
orange-0027,Several users report unusual login prompts when trying to access DataPilot.,orange,forum,2026-02-22
red-0047,Multiple reports describe unauthorized withdrawals after account takeover on CloudDesk.,red,forum,2026-02-13
green-0024,The release notes describe visual improvements and accessibility fixes.,green,news,2026-03-15
orange-0121,"Users describe repeated password reset messages, but no confirmed breach is reported.",orange,public_post,2026-02-27
green-0168,The release notes describe visual improvements and accessibility fixes.,green,support_thread,2026-03-31
green-0172,A public article compares pricing options for several productivity platforms.,green,review,2026-01-22
orange-0128,Some customers mention suspicious emails that look similar to Northstar notifications.,orange,support_thread,2026-03-17
green-0081,The release notes describe visual improvements and accessibility fixes.,green,forum,2026-04-16
red-0101,Several users claim that BrightPanel access was compromised after a suspicious reset campaign.,red,forum,2026-04-22
green-0141,A user asks how to change notification settings in the PayLink mobile app.,green,support_thread,2026-01-01
green-0110,The weekly newsletter highlights upcoming product webinars and customer stories.,green,news,2026-04-13
green-0126,A customer shares a positive onboarding experience with the OpenGate support team.,green,news,2026-01-23
orange-0169,A community member asks if recent security warnings from DataPilot are legitimate.,orange,support_thread,2026-03-29
orange-0068,A community member asks if recent security warnings from CloudDesk are legitimate.,orange,news,2026-01-31
orange-0116,A growing thread complains about delayed account verification on CloudDesk.,orange,support_thread,2026-02-11
orange-0168,A growing thread complains about delayed account verification on PayLink.,orange,news,2026-04-09
green-0078,Users discuss preferred dashboard layouts and reporting exports in PayLink.,green,review,2026-03-22
orange-0190,A growing thread complains about delayed account verification on BrightPanel.,orange,review,2026-03-07
orange-0090,A support forum shows a sudden increase in complaints about blocked accounts on DataPilot.,orange,forum,2026-01-15
orange-0130,Posts about Northstar show rising frustration after unexplained session timeouts.,orange,support_thread,2026-02-06
orange-0046,A community member asks if recent security warnings from BrightPanel are legitimate.,orange,public_post,2026-02-19
green-0007,Users discuss preferred dashboard layouts and reporting exports in DataPilot.,green,support_thread,2026-04-26
orange-0010,A support forum shows a sudden increase in complaints about blocked accounts on SecureHub.,orange,forum,2026-02-24
green-0174,A blog post explains basic account settings and profile customization.,green,support_thread,2026-04-26
green-0157,A user asks how to change notification settings in the BrightPanel mobile app.,green,forum,2026-03-27
red-0121,Community moderators warn that attackers are actively bypassing two-factor checks on SecureHub.,red,news,2026-03-07
red-0195,Community moderators warn that attackers are actively bypassing two-factor checks on DataPilot.,red,review,2026-02-26
orange-0017,A support forum shows a sudden increase in complaints about blocked accounts on Northstar.,orange,public_post,2026-01-12
red-0016,Several users claim that BrightPanel access was compromised after a suspicious reset campaign.,red,news,2026-02-05
orange-0111,A growing thread complains about delayed account verification on DataPilot.,orange,review,2026-02-27
orange-0141,A community member asks if recent security warnings from OpenGate are legitimate.,orange,review,2026-01-21
orange-0014,A community member asks if recent security warnings from MarketBoard are legitimate.,orange,news,2026-03-31
green-0091,A user asks how to change notification settings in the OpenGate mobile app.,green,news,2026-01-31
orange-0023,Some customers mention suspicious emails that look similar to OpenGate notifications.,orange,news,2026-02-22
red-0193,A public message threatens to publish private customer data from PayLink tonight.,red,news,2026-03-23
red-0075,A paste site appears to expose internal tokens connected to PayLink environments.,red,review,2026-03-27
red-0041,Several users claim that CloudDesk access was compromised after a suspicious reset campaign.,red,news,2026-04-04
orange-0187,Some customers mention suspicious emails that look similar to OpenGate notifications.,orange,news,2026-02-09
orange-0075,Several users report unusual login prompts when trying to access OpenGate.,orange,public_post,2026-04-04
red-0053,A paste site appears to expose internal tokens connected to SecureHub environments.,red,forum,2026-01-13
red-0196,A forum thread shares administrator passwords related to Northstar and asks others to test them.,red,news,2026-02-02
green-0149,The company announced a new interface update for MarketBoard with minor usability changes.,green,support_thread,2026-03-14
red-0095,Users report confirmed malware links sent through official-looking SecureHub support messages.,red,public_post,2026-03-29
orange-0180,A public review mentions unexpected payment declines and asks whether others saw the same issue.,orange,public_post,2026-03-06
green-0061,A user asks how to change notification settings in the DataPilot mobile app.,green,news,2026-01-23
red-0081,A forum thread shares administrator passwords related to DataPilot and asks others to test them.,red,support_thread,2026-04-17
orange-0139,Posts about CloudDesk show rising frustration after unexplained session timeouts.,orange,forum,2026-01-19
orange-0009,A community member asks if recent security warnings from CloudDesk are legitimate.,orange,public_post,2026-03-29
orange-0062,Some customers mention suspicious emails that look similar to SecureHub notifications.,orange,review,2026-03-01
orange-0049,A growing thread complains about delayed account verification on DataPilot.,orange,public_post,2026-01-02
orange-0198,Several users report unusual login prompts when trying to access BrightPanel.,orange,public_post,2026-02-16
red-0138,Several users claim that PayLink access was compromised after a suspicious reset campaign.,red,public_post,2026-01-20
green-0143,A blog post explains basic account settings and profile customization.,green,review,2026-04-07
green-0171,A user asks how to change notification settings in the CloudDesk mobile app.,green,support_thread,2026-01-08
green-0195,A public article compares pricing options for several productivity platforms.,green,forum,2026-04-07
green-0023,Users discuss preferred dashboard layouts and reporting exports in BrightPanel.,green,support_thread,2026-01-01
green-0176,A customer shares a positive onboarding experience with the DataPilot support team.,green,forum,2026-03-14
red-0060,Community moderators warn that attackers are actively bypassing two-factor checks on CloudDesk.,red,support_thread,2026-01-07
green-0075,Users discuss preferred dashboard layouts and reporting exports in PayLink.,green,review,2026-01-21
red-0148,A forum thread shares administrator passwords related to DataPilot and asks others to test them.,red,public_post,2026-04-28
green-0192,A public article compares pricing options for several productivity platforms.,green,forum,2026-01-09
orange-0031,A growing thread complains about delayed account verification on Northstar.,orange,support_thread,2026-03-22
orange-0047,A community member asks if recent security warnings from Northstar are legitimate.,orange,support_thread,2026-01-17
green-0085,Users discuss preferred dashboard layouts and reporting exports in MarketBoard.,green,public_post,2026-03-03
green-0151,A blog post explains basic account settings and profile customization.,green,support_thread,2026-04-19
red-0189,A public message threatens to publish private customer data from MarketBoard tonight.,red,public_post,2026-01-13
orange-0186,Some customers mention suspicious emails that look similar to OpenGate notifications.,orange,support_thread,2026-01-11
orange-0108,A public review mentions unexpected payment declines and asks whether others saw the same issue.,orange,review,2026-03-17
red-0153,Community moderators warn that attackers are actively bypassing two-factor checks on OpenGate.,red,news,2026-02-13
green-0019,A public article compares pricing options for several productivity platforms.,green,forum,2026-01-16
green-0027,The company announced a new interface update for BrightPanel with minor usability changes.,green,review,2026-02-17
orange-0127,A growing thread complains about delayed account verification on BrightPanel.,orange,review,2026-01-13
green-0138,A public article compares pricing options for several productivity platforms.,green,support_thread,2026-01-07
orange-0191,Several users report unusual login prompts when trying to access OpenGate.,orange,public_post,2026-02-09
orange-0153,A community member asks if recent security warnings from BrightPanel are legitimate.,orange,public_post,2026-01-23
red-0049,Public post mentions leaked SecureHub credentials and active exploitation attempts.,red,forum,2026-01-09
